,Feature Name,Pearson Correlation
1,Prevotella,0.6496663163267248
5,Eggerthella,0.6493158883810985
2,Megasphaera,0.6414046987504098
0,pH,0.5771818977181464
3,Sneathia,0.5410638021528581
6,Ruminococcaceae_3,0.5403029758687989
4,Dialister,0.5287278514427137
