,I,II,III,IV,V
Percent Representation,26.666666666666668,5.714285714285714,33.33333333333333,28.57142857142857,5.714285714285714
