,I,II,III,IV,V
Percent Representation,26.582278481012654,8.860759493670885,37.9746835443038,22.78481012658228,3.79746835443038
