,White,Black,Asian,Hispanic
Percent Representation,24.126984126984127,26.666666666666668,25.07936507936508,24.126984126984127
