,White,Black,Asian,Hispanic
Percent Representation,26.582278481012654,25.31645569620253,21.518987341772153,26.582278481012654
