,EOpp0,EOpp1,EOdd,f1
Fully connected NN,2.195462451842907,2.350013211540726,4.700026423081452,0.8661858974358975
Logistic Regression,1.7812698672347793,1.6999054585261482,2.616460168184306,0.8098904385177935
Random Forest,2.1149028689351272,2.5358859531273326,4.598069363586604,0.8255472531032946
svm,1.5263388042577397,1.443910644485357,1.901615498167222,0.8527614092831485
bst,1.5014966832107606,2.221696715374877,4.028025741818845,0.8151241679467486
